-- MySQL dump 10.13  Distrib 8.0.30, for Win64 (x86_64)
--
-- Host: localhost    Database: portal_noticia
-- ------------------------------------------------------
-- Server version	8.0.30

/*!40101 SET @OLD_CHARACTER_SET_CLIENT=@@CHARACTER_SET_CLIENT */;
/*!40101 SET @OLD_CHARACTER_SET_RESULTS=@@CHARACTER_SET_RESULTS */;
/*!40101 SET @OLD_COLLATION_CONNECTION=@@COLLATION_CONNECTION */;
/*!50503 SET NAMES utf8mb4 */;
/*!40103 SET @OLD_TIME_ZONE=@@TIME_ZONE */;
/*!40103 SET TIME_ZONE='+00:00' */;
/*!40014 SET @OLD_UNIQUE_CHECKS=@@UNIQUE_CHECKS, UNIQUE_CHECKS=0 */;
/*!40014 SET @OLD_FOREIGN_KEY_CHECKS=@@FOREIGN_KEY_CHECKS, FOREIGN_KEY_CHECKS=0 */;
/*!40101 SET @OLD_SQL_MODE=@@SQL_MODE, SQL_MODE='NO_AUTO_VALUE_ON_ZERO' */;
/*!40111 SET @OLD_SQL_NOTES=@@SQL_NOTES, SQL_NOTES=0 */;

--
-- Table structure for table `categorias`
--

DROP TABLE IF EXISTS `categorias`;
/*!40101 SET @saved_cs_client     = @@character_set_client */;
/*!50503 SET character_set_client = utf8mb4 */;
CREATE TABLE `categorias` (
  `id_categoria` smallint NOT NULL AUTO_INCREMENT,
  `nome_categoria` varchar(40) COLLATE utf8mb4_unicode_ci DEFAULT NULL,
  `data_cadastro` datetime DEFAULT NULL,
  `data_modificacao` datetime DEFAULT NULL,
  PRIMARY KEY (`id_categoria`)
) ENGINE=InnoDB AUTO_INCREMENT=102 DEFAULT CHARSET=utf8mb4 COLLATE=utf8mb4_unicode_ci;
/*!40101 SET character_set_client = @saved_cs_client */;

--
-- Dumping data for table `categorias`
--

LOCK TABLES `categorias` WRITE;
/*!40000 ALTER TABLE `categorias` DISABLE KEYS */;
INSERT INTO `categorias` VALUES (1,'political','2023-11-14 23:48:00','2023-11-14 23:48:00'),(2,'culture','2023-11-14 23:48:00','2023-11-14 23:48:00'),(3,'business','2023-11-14 23:48:00','2023-11-14 23:48:00'),(4,'life & style','2023-11-14 23:48:00','2023-11-14 23:48:00'),(5,'entertainment','2023-11-14 23:48:00','2023-11-14 23:48:00'),(6,'sports','2023-11-14 23:48:00','2023-11-14 23:48:00');
/*!40000 ALTER TABLE `categorias` ENABLE KEYS */;
UNLOCK TABLES;

--
-- Table structure for table `noticias`
--

DROP TABLE IF EXISTS `noticias`;
/*!40101 SET @saved_cs_client     = @@character_set_client */;
/*!50503 SET character_set_client = utf8mb4 */;
CREATE TABLE `noticias` (
  `id_noticia` smallint NOT NULL AUTO_INCREMENT,
  `titulo_noticia` text CHARACTER SET utf8mb4 COLLATE utf8mb4_unicode_ci,
  `texto_noticia` mediumtext CHARACTER SET utf8mb4 COLLATE utf8mb4_unicode_ci,
  `imagem` varchar(255) COLLATE utf8mb4_unicode_ci DEFAULT NULL,
  `estado` tinyint(1) DEFAULT NULL,
  `id_categoria` smallint DEFAULT NULL,
  `id_usuario` smallint DEFAULT NULL,
  `data_cadastro` datetime DEFAULT NULL,
  `data_modificacao` datetime DEFAULT NULL,
  PRIMARY KEY (`id_noticia`)
) ENGINE=InnoDB AUTO_INCREMENT=37 DEFAULT CHARSET=utf8mb4 COLLATE=utf8mb4_unicode_ci;
/*!40101 SET character_set_client = @saved_cs_client */;

--
-- Dumping data for table `noticias`
--

LOCK TABLES `noticias` WRITE;
/*!40000 ALTER TABLE `noticias` DISABLE KEYS */;
INSERT INTO `noticias` VALUES (14,'PCP defende aumento signficativo de salários para responder a problemas                                                  ','                    O secretário-geral do PCP defendeu hoje que um \"aumento geral dos salários é uma emergência nacional\" para dar resposta aos principais problemas do país, durante uma iniciativa junto dos trabalhadores da cimenteira Secil, no Outão, em Setúbal.\r\nOaumento geral dos salários, um aumento significativo, é a grande emergência nacional que responde a tudo. Responde ao problema do aumento do custo de vida, responde à brutalidade dos problemas que enfrentamos na habitação, com tudo o que isso implica\", disse Paulo Raimundo.\r\n\r\n\"Essa é a questão central a que é preciso dar resposta. E essa resposta vai ser dada pela luta dos trabalhadores, mas também pela nossa pressão política, que é isso que andamos a procurar fazer\", acrescentou o líder comunista.\r\n\r\nPaulo Raimundo começou por se referir, como exemplo, à cimenteira da Secil, no concelho de Setúbal, uma empresa com \"100 milhões de euros de lucros nos últimos cinco anos\", mas na qual é preciso \"que o dinheiro seja melhor distribuído\".\r\n\r\n\"Ainda bem que há dinheiro, é sinal de que a empresa está a produzir, é sinal de que está a fazer negócio. Está tudo certo. O que não está certo, é que os salários estão baixos. Essa é a grande questão. Uma empresa destas, nos últimos cinco anos com 100 milhões de euros de lucros, é positivo, mas é preciso que [o dinheiro] seja melhor distribuído. E isto é válido para a Secil, como é válido para todas as todas as empresas, para todos os setores\", disse.\r\n\r\n\"Estamos aqui a reivindicar isso mesmo, mais salários, melhores condições de trabalho, melhores condições para cada um, mas também a pedir o voto para o PCP e para CDU, aliás, um voto que vai ser determinante para o dia seguinte às eleições [legislativas de 10 de março]\", reconheceu Paulo Raimundo.\r\n\r\nConfrontado com a possibilidade de uma nova \"geringonça\", que o candidato à liderança do PS Pedro Nuno Santos deixou terça-feira em aberto em entrevista à CNN Portugal, o secretário-geral do PCP reafirmou a ideia de que o problema não é a forma, mas o conteúdo das propostas políticas.\r\n\r\n\"Eu percebo a pergunta, percebo o interesse jornalístico e até o esforço para nós reduzimos tudo ao problema da forma, mas o problema não está na forma, está no conteúdo. Qual é a política, quais são as opções políticas, essa é que é a grande questão\", disse.\r\n\r\n\"A forma não vale nada se não houver conteúdo. E o conteúdo da opção do Partido Socialista foi esta que nos trouxe até aqui nos últimos dois anos: 25 milhões de euros de lucros por dia dos grupos económicos e três milhões de trabalhadores com menos de 1.000 euros de salário bruto por mês. Essa é que é a opção do Partido Socialista, que ficou bem clara, se dúvidas houvesse, nos últimos dois anos\", frisou o líder comunista.         ','../imagem/PCP defende aumento signficativo.jpg',1,1,2,'2023-11-22 17:58:17','2023-11-23 22:13:57'),(16,' \r\n         BE apela à revogação do decreto que cria novas Unidades Locais de Saúde                                          ','                                                       O BE defendeu a revogação do decreto que cria novas Unidades Locais de Saúde (ULS) e apelou aos partidos que hoje criticaram as nomeações para estas entidades que aprovem esta proposta do Bloco na discussão orçamental. \r\n\r\nHoje de manhã, o PSD apelou à suspensão da entrada em vigor das futuras ULS, prevista para 01 de janeiro, ou, pelo menos, que a nomeação dos seus mais de 300 dirigentes seja feita em regime de substituição, acusando o PS de querer colocar a máquina do partido \"ao serviço do pior aparelhismo\".   \r\n\r\nEm declarações aos jornalistas no parlamento, a deputada do BE Isabel Pires frisou que o seu partido foi \"contra a criação das ULS\" e por isso é \"obviamente contra\" quaisquer nomeações.\r\n\r\n\"Nos próximos dias, teremos oportunidade de resolver esse problema, já que o BE propôs em sede de Orçamento a revogação do decreto-lei que cria essas ULS\", disse.\r\n\r\nIsabel Pires salientou que o decreto-lei foi \"publicado no dia em que o primeiro-ministro apresentou a sua demissão\" e que este modelo \"estava já a ser contestado por vários profissionais de saúde\".\r\n\r\n\r\n\"Nunca teve legitimidade. Nos próximos dias, todos os partidos que hoje se manifestaram contra as nomeações têm uma solução rápida e óbvia: votar a favor da proposta do BE que revoga pura e simplesmente este decreto-lei\", disse.\r\n\r\nPara a deputada, \"o foco neste momento\" deve estar na revogação do decreto-lei e \"nas medidas essenciais para resolver os problemas do Serviço Nacional de Saúde\".\r\n\r\n\"Não passam por uma maior concentração de serviços, mas sim por condições para a contratação de mais profissionais, para que todos os serviços estejam abertos à população e às suas necessidades\", afirmou.\r\n\r\nO BE propõe, no âmbito da especialidade do Orçamento do Estado para 2024, a revogação do decreto de constituição das ULS, considerando que as que já existem \"não têm trazido soluções\".                                           ','../imagem/BE apela.jpg',1,1,2,'2023-11-22 23:20:04','2023-11-23 14:11:02'),(17,'Chega vai abster-se na votação do orçamento dos Açores para 2024','O presidente do Chega anunciou hoje que o deputado do partido nos Açores vai abster-se na votação do orçamento da região para 2024 e defendeu que, se houver eleições antecipadas, devem acontecer no mesmo dia das legislativas nacionais\r\nQuero deixar claro que o Chega não votará contra este orçamento dos Açores. O Chega terá o seu voto na abstenção neste orçamento e serão outras forças políticas que se preparam para derrubar o governo dos Açores\", anunciou André Ventura, em declarações aos jornalistas na Assembleia da República, em Lisboa.\r\n\r\nNesta declaração, o líder do Chega salientou várias vezes que \"o Chega não procurou a instabilidade nos Açores, o Chega procurou sempre, juntamente com o PSD, que fossem cumpridos os compromissos que tinham sido assumidos\".\r\n\r\n\"Esta é uma situação particularmente delicada num momento em que o país já vive uma situação delicada, mas ela não foi feia por nós nem foi levada a cabo pelo Chega, outros serão responsáveis por ela\", insistiu, indicando que o seu partido procurou \"até ao fim ser um referencial de estabilidade e garantir que estas promessas eram cumpridas\", nomeadamente \"em termos de aumento dos rendimentos das famílias e combate à corrupção\".\r\n\r\n\"Todos os nossos esforços foram em vão, ou grande parte dos nossos esforços foram em vão\", lamentou.\r\n\r\nCaso o orçamento seja rejeitado e isso dite a marcação de novas eleições nos Açores, o presidente do Chega indicou que \"sugerirá ao senhor Presidente da República que as eleições nos Açores decorram no mesmo dia que as eleições para o parlamento nacional\".\r\n\r\n\"Era uma solução que permitia poupar custos, saltar etapas e garantir eficiência na escolha de um novo governo também na Região Autónoma dos Açores\", defendeu André Ventura.\r\n\r\nO Plano e o Orçamento dos Açores para 2024, de cerca de dois mil milhões de euros, começou a ser debatido na segunda-feira no plenário da Assembleia Legislativa Regional, na Horta, onde a votação na generalidade deverá acontecer na quarta-feira ou na quinta-feira.\r\n\r\nOs documentos, que definem as linhas estratégicas do Governo de coligação (PSD, CDS-PP e PPM), para o próximo ano, necessitam também da aprovação dos deputados do Chega, da Iniciativa Liberal e do deputado independente (ex-Chega), que nos primeiros três anos deste mandato sempre votaram a favor, ao lado dos três partidos que formam o executivo, liderado pelo social-democrata José Manuel Bolieiro.\r\n\r\nEste ano, porém, nas vésperas de começar o debate, o deputado único da IL, Nuno Barata, anunciou publicamente que iria votar contra aqueles documentos, alegando que o Governo não chegou a executar muitas das iniciativas a que se tinha comprometido com o seu partido.\r\n\r\nConfrontado pelos jornalistas, o deputado único do Chega, José Pacheco, também lançou críticas à governação de direita no arquipélago, admitindo a possibilidade de se abster na votação dos documentos, tal como Pedro Neves, deputado único do PAN, que no ano passado votou a favor ao lado dos partidos de direita.\r\n\r\nPS e BE, que juntos têm 27 deputados, mais um do que os três partidos do Governo (PSD, CDS-PP e PPM), deverão votar contra as propostas de Plano e Orçamento, a exemplo do que fizeram desde o início desta legislatura, resultado que, a somar ao vota contra do IL, poderá determinar o chumbo dos documentos.','../imagem/Chega vai abster-se na votacao.jpg',1,1,2,'2023-11-22 23:26:40','2023-11-22 23:26:40'),(18,' \r\n           Potes definidos. Eis os possíveis adversários de Portugal no Euro 2024                                                 ','                                            O quadro completo do Euro 2024 ainda não está fechado, mas a fase de qualificação para a prova que se disputará na Alemanha já terminou e, esta terça-feira, passou a ser conhecida a lista de 21 seleções que vão estar presentes no Campeonato da Europa\r\nÀ anfitriã Alemanha juntaram-se os dois primeiros classificados de cada um dos dez grupos - do A ao J -, com destaque para a presença de Portugal, que venceu a edição de 2016.\r\n\r\nAs restantes três vagas para completar o lote de 24 apurados serão conhecidas por via dos playoffs, agendados para março de 2024, cujo sorteio acontece já esta quinta-feira.\r\nPara já, o que se sabe é que Portugal evita, desde logo, \"tubarões\" como França, Espanha, Bélgica e Inglaterra, mas poderá  apanhar outras seleções sonantes como Países Baixos (pote 2) ou Itália (pote 4).\r\n                                     ','../imagem/euro2024.jpg',1,6,2,'2023-11-22 23:35:50','2023-11-22 23:43:46'),(19,'\"Se João Neves sair do Benfica, espero que vá para as mãos de Guardiola\"','Valdo, antigo jogador do Benfica e da seleção brasileira, não escondeu, esta terça-feira, o desejo de ver João Neves nas \"mãos de Pep Guardiola\", treinador do Manchester City. Em declarações à Rádio Renascença, Valdo foi questionado sobre as recentes declarações de Bruno Fernandes e Bernardo Silva, que admitiram gostar de contar com o companheiro de seleção nos respetivos clubes de Manchester, e acabou por escolher um dos rivais. \r\n\r\n\r\n\"Ter Bernardo Silva e Bruno Fernandes a dizer que gostavam de o ter como colega nos seus clubes tem de ser muito gratificante para o João. Eu, como adepto de João Neves, se ele sair do Benfica, espero que vá para as mãos do melhor treinador do mundo, Pep Guardiola”, começou por dizer o antigo jogador do Benfica, prosseguindo.\r\n\r\n\"Se o Benfica perdesse o João no mercado de inverno, algo que não acredito, seria uma baixa tremenda. É muito difícil segurá-lo, porque há muito dinheiro no futebol. Se não for o Manchester United, outro clube da mesma dimensão, ou maior, vai chegar e paga\", vaticinou Valdo, que vestiu a camisola do Benfica por 184 ocasiões. \r\n\r\nRefira-se que João Neves tem dado nas vistas no Benfica, mas está \"blindado\" por uma cláusula de rescisão no valor de 120 milhões de euros, tendo contrato válido até 2028.','../imagem/Joaoneves.jpg',1,6,2,'2023-11-22 23:45:25','2023-11-22 23:45:25'),(20,'Oficial: Afinal, Cristiano Ronaldo e Messi vão defrontar-se uma vez mais','ARiyadh Season Cup 2024 revelou, esta terça-feira, os três clubes que vão integrar a competição que será disputada na primeira semana de fevereiro: Al Nassr, Al Hilal e... Inter Miami. Quer isto dizer que, sim, Cristiano Ronaldo e Lionel Messi vão defrontar-se uma vez mais, naquele que deverá ser, de facto, o último duelo entre ambos. \r\nDe resto, a organização garante mesmo que CR7 e Messi vão entrar dentro de campo e classificam o momento como \"a última dança\" de duas das maiores figuras da história do futebol mundial que rivalizaram durante tantos anos.','../imagem/encontroM10eCR7.jpg',1,6,2,'2023-11-22 23:46:47','2023-11-22 23:46:47'),(21,'Al Nassr na Liga dos Campeões? \"Vice\" da Liga saudita esclarece rumor','Saad Al-Ladhiz, vice-presidente da Liga saudita, garantiu, na tarde desta terça-feira, que não existem, até ao momento, quaisquer contactos com a UEFA tendo em vista a participação de clubes da Arábia Saudita na Liga dos Campeões.\r\n\"Não há nada sobre a participação dos clubes sauditas na Liga dos Campeões da Europa. Não sei nada sobre esse assunto e não contactámos UEFA, nem fomos contactados por eles\", vincou Saad Al-Ladhiz, citado pelo jornal saudita Asharq Al-Awsat. \r\n\r\nRefira-se que nas últimas semanas tem circulados rumores que apontam para uma eventual participação do Al Nassr, de Luís Castro, Cristiano Ronaldo e Otávio, numa edição da Liga dos Campeões.','../imagem/Al nalssr_campeao.jpg',1,6,2,'2023-11-22 23:48:59','2023-11-22 23:48:59'),(22,' \r\n         UCCLA enaltece papel de Sara Tavares na promoção da língua portuguesa       ','           A União das Cidades Capitais de Língua Portuguesa - UCCLA, aprovou em assembleia geral \"um voto de pesar pelo desaparecimento prematuro\" da cantora Sara Tavares, em que enaltece o papel da artista na promoção da cultura lusófona.\r\nNum comunicado, a organização anuncia que na sua assembleia geral, realizada na cidade de Fortaleza, no Brasil, no dia 20 de novembro, foi aprovado um voto de pesar \"pelo desaparecimento prematuro de Sara Tavares\", e adianta que endereçou à família e autoridades culturais de Portugal e Cabo Verde, as \"mais sinceras condolências\".\r\n\r\n\r\nA organização salienta que Sara Tavares, de ascendência cabo-verdiana, \"interpretou ao longo da sua carreira de cantora e compositora, a excelência da cultura lusófona, promovendo a sua divulgação nos diversos países de língua portuguesa e a nível internacional\".\r\n\r\nNo mesmo documento, foi também aprovado um \"voto de saudação a todos os artistas lusófonos, provenientes dos seus diferentes países e que atuam local e internacionalmente, congratulando-se com o facto de o conjunto de artistas lusófonos serem arautos e divulgadores da excelência da cultura que une os Povos e os Países das cidades da UCCLA\".\r\n\r\nA cantora portuguesa e descendente de cabo-verdianos Sara Tavares, diagnosticada com um tumor cerebral, morreu ao final da tarde do passado dia 19 em Lisboa, com 45 anos.\r\n\r\nA artista estava internada no Hospital da Luz, em Lisboa.\r\n\r\nAo longo do último ano, Sara Tavares tinha vindo a divulgar alguns temas novos, ao fim de cinco anos de silêncio. O mais recente tema, intitulado \"Kurtidu\", saiu em setembro passado pela Sony Music.\r\n\r\nSara Tavares, que nasceu em Lisboa em 1978, deu-se a conhecer ainda adolescente nos anos 1990 no concurso televisivo de talentos \"Chuva de Estrelas\", da SIC, a interpretar um tema de Whitney Houston.\r\n\r\nPouco depois venceu o Festival RTP da Canção de 1994 com \"Chamar as Música\", tema de Rosa Lobato de Faria e João Oliveira, e com o qual obteve o oitavo lugar no Festival Eurovisão da Canção por Portugal.\r\n\r\nDois anos depois, em 1996, Sara Tavares estreou-se com o álbum \"Sara Tavares & Shout!\" e iniciou a sua própria carreira.         ','../imagem/UCCLA enaltece papel.jpg',1,2,2,'2023-11-22 23:54:50','2023-11-22 23:55:06'),(23,'Calma, ainda pode ter este casaco. Zara vai repor o stock em breve','Boas notícias, fashionistas. A Zara anunciou que irá repor o stock do seu casaco acolchoado \"best seller\", avança a Elle espanhola.\r\n\r\nÉ a quarta vez que a marca espanhola relança esta peça. O que tem de tão especial. Nós explicamos: trata-se de um anoraque semicomprido com isolamento térmico. A marca espanhola diz que a peça é capaz de \"suportar temperaturas de até -20ºC\".\r\n\r\nLeia Também: Zara. As peças de caxemira com que sonhávamos (mas não conseguíamos ter)\r\n\r\nAlém disso, tem também uma gola alta com capuz ajustável com cordões e bolsos à frente com forro polar interior e fecho de correr. Por cá, o modelito de 59,95 euros está disponível no XS e M. Para garantir outros tamanhos, terá de colocar em fila de espera virtual. Basta clique no tamanho que pretende comprar e inserir o seu e-mail. Quando estiver disponível, será avisado. ','../imagem/Zara.jpg',1,4,2,'2023-11-22 23:58:22','2023-11-22 23:58:22'),(24,'Para tudo: Abriu uma Barbearia à Benfica. Sim, leu bem!','O espaço é uma \"montra viva do historial capilar do Sport Lisboa e Benfica\". Há produtos de beleza oficiais do clube.\r\nAbriu este domingo, 19 de novembro, o \"spot\" onde os adeptos do Benfica vão passar a querer ir cortar o cabelo. Fica no Jardim da Liberdade de Santarém, na primeira Casa 2.0 do Benfica, e chama-se Barbearia à Benfica.\r\n\r\n\r\nLeia Também: Travar a queda de cabelo em apenas sete dias? Há quem jure que é possível\r\n\r\nO espaço asume-se como \"uma montra viva do historial capilar do Sport Lisboa e Benfica\" e \"um espaço exclusivo para cabelos, barbas, bigodes e tatuagens\". Tem disponível produtos de higiene pessoal e de beleza oficiais do clube, inspirados na sua história de quase 120 anos. Conta ainda com produtos da marca Redken, parceira oficial.\r\n\r\nEsta abertura \"está integrada num plano de expansão do conceito a nível nacional e internacional junto das comunidades portuguesas com expressão a nível mundial, pelo que a Barbearia à Benfica de Santarém será a primeira\", pode ler-se em comunicado.','../imagem/barbearia.jpg',1,4,2,'2023-11-23 00:00:47','2023-11-23 00:00:47'),(25,'Três navios. Gás russo recebido em Sines aumenta para 8,4% do total','O terminal de gás natural liquefeito (GNL) de Sines recebeu três navios provenientes da Rússia até setembro, correspondendo a 8,4% do gás total recebido naquela infraestrutura, face a 7% no mesmo período de 2022, segundo dados hoje divulgados.\r\n\r\nDe acordo com o Boletim da Utilização das Infraestruturas de Gás relativo ao terceiro trimestre deste ano, publicado pela Entidade Reguladora dos Serviços Energéticos (ERSE), até ao final de setembro, no terminal de GNL de Sines - principal infraestrutura de entrada de gás natural no sistema nacional -- o gás russo representou 8,4% do total recebido, resultado de três navios metaneiros que descarregaram em fevereiro, abril e agosto.\r\n\r\n\r\nNaquele período, a Rússia ficou em terceiro lugar nos países de origem do gás natural recebido em Sines, atrás dos Estados Unidos da América (44,4% do total) e da Nigéria (44%), e apenas à frente de Trinidad & Tobago (3,2%).\r\n\r\nNo mesmo período de 2022, ano em que a Rússia invadiu a Ucrânia e começou a ser alvo de sanções da União Europeia, que prometeu cortar drasticamente as importações de gás de Moscovo, as importações russas representaram 7% do total recebido em Sines, também resultado de três navios recebidos (março, abril e agosto).\r\n\r\nEntre janeiro e setembro do ano passado, a Nigéria tinha sido o principal país de origem com 52% do total importado, seguida dos Estados Unidos da América (30%).\r\n\r\nRelativamente ao armazenamento de gás, o \"stock\" nas cavernas subterrâneas situadas na região de Leiria, em 30 de setembro, era de 98% da capacidade comercial firme disponível, o que equivale a 26 dias de consumo médio nacional e supera a meta estabelecida pela Comissão Europeia no REPowerEU, para que cada país tenha, no mínimo, 90% de reservas de gás em instalações subterrâneas a 01 de novembro de 2023 e nos anos seguintes.\r\n\r\nAté ao final de setembro, o consumo acumulado de gás em Portugal foi de 38 Terawatts-hora (TWh), menos 19,6% do que no mesmo período do ano anterior, uma diminuição especialmente marcante no mercado elétrico.\r\n\r\nNaquele período, o saldo exportador foi de 3.270 Gigawatts-hora (GWh), tendo sido fornecido a partir do Terminal de GNL de Sines.','../imagem/navios.jpg',1,3,2,'2023-11-23 00:04:20','2023-11-23 00:04:20'),(26,' \r\n         Filho de Brad Pitt diz que o ator é \"horrível e \"desprezível\"       ','           \r\nBrad Pitt foi alvo de uma dura mensagem endereçada por um dos filhos que partilha com a ex-companheira Angelina Jolie. Em 2020, Pax Thien Jolie-Pitt, que agora tem 19 anos, dirigiu-se ao pai com várias ofensas e num tom agressivo, palavras que só agora, em 2023, foram tornadas públicas.\r\n\r\n\"Feliz Dia do Pai para este grande anormal\", começou por escrever Pax, no dia 16 de junho, quando se assinala o Dia do Pai nos Estados Unidos da América.\r\n\r\n\"Continuas a provar, vezes sem conta, que és uma pessoa horrível e desprezível. Não tens qualquer consideração ou empatia pelos teus filhos mais novos, que tremem na tua presença\", acrescentou o jovem, citado pelo Daily Mail.\r\n\r\nIndignado, Pax Thien não ficou por aqui e garantiu que Brad Pitt tornou as vidas dos que lhe são \"mais próximos\" num \"inferno constante\". \"Podes dizer o que quiseres a ti e ao mundo, mas um dia a verdade virá ao de cima. Por isso, feliz Dia do Pai, seu ser humano horrível\", rematou.\r\n\r\nO texto, ao qual só agora o tabloide inglês teve acesso, foi publicado na conta de Instagram privada do filho de Brad Pitt e Angelina Jolie. O mesmo foi acompanhado de uma foto que mostra o pai a receber o Óscar de Melhor Ator Secundário, pela participação no filme \"Era Uma Vez… em Hollywood\".         ','../imagem/Filho de Brad Pitt.jpg',1,5,2,'2023-11-23 00:06:52','2023-11-23 14:10:58'),(29,'Humorista gera indignação ao fazer piada sobre a morte de Matthew Perry','Há momentos que queremos esquecer que alguma vez aconteceram. Para Hans Kim, uma recente piada que fez sobre a morte de Matthew Perry poderia muito bem ser um deles, ainda que o humorista tenha aproveitado a \"onda\" de indignação para se tornar ainda mais conhecido.\r\n\r\n\r\nA polémica começou quando Hans Kim partilhou nas redes sociais um excerto de um dos seus espetáculos de stand-up, no qual faz uma intervenção que aborda a trágica morte do ator.\r\n\r\nÉ triste saber que o grande Matthew Perry morreu sozinho numa banheira de hidromassagens. Para uma pessoa que fez uma série chamada \"Friends\" [amigos], ele poderia ter recorrido a alguns, atirou Hans, que rapidamente viu a partilha ser \"inundada\" de críticas.\r\n\r\nMuitos cibernautas consideram que a piada é \"cruel\" e \"insensível\", principalmente por ter sido feita menos de um mês após a morte de Perry.','../imagem/Humorista gera indignação.jpg',1,5,2,'2023-11-23 21:18:46','2023-11-23 21:18:46'),(30,'Luzes de Natal acesas até meados de janeiro em Aveiro','As celebrações natalícias em Aveiro começam no dia 01 de dezembro com a ligação da iluminação de Natal, entre outras atividades integradas no programa \"Boas Festas em Aveiro\", que se prolonga até 15 de janeiro.\r\nPara a iluminação natalícia, a Câmara Municipal de Aveiro celebrou um contrato para três anos com uma empresa da especialidade, num investimento global de quase 600 mil euros, revelou hoje a autarquia.\r\n\r\nDe acordo com a informação dada à Lusa por fonte municipal, as luzes de Natal custam este ano cerca de 200 mil euros, no ano seguinte cerca de 250 mil euros e no terceiro ano 150 mil euros.\r\n\r\nA iluminação alusiva às festividades vai estar a decorar as ruas desde o dia 01 de dezembro até 15 de janeiro, por forma a abranger também as festas em honra de São Gonçalinho, no bairro típico da Beira-Mar.\r\n\r\nAs \"Boas Festas em Aveiro\" começam com um desfile de pais natais em barcos moliceiro, entre a Capitania e o cais da Fonte Nova, a partir das 18:00.\r\n\r\nSeguir-se-á a ligação da iluminação de Natal e inauguração da árvore de Natal, que a autarquia garante ser \"a mais alta de Portugal\", momento que será acompanhado pelo toque festivo dos sinos.\r\n\r\nNo Lago da Fonte Nova decorrerá um espetáculo piromusical, e nas margens uma \"parada de Natal\", enquanto nas imediações da árvore será feita a abertura da \"Casa do Pai Natal\".\r\n\r\nO programa \"Boas Festas em Aveiro\", que celebra o Natal, a Passagem de Ano e a Festa de São Gonçalinho, promovido pela Câmara, estende-se até 15 de janeiro com espetáculos de \"videomapping\", uma exposição, animação de rua, concertos, mercados de Natal e provas de iguarias regionais com os \"Sabores com Tradição\"','../imagem/Luzes de Natal acesas.jpg',1,5,2,'2023-11-23 21:20:56','2023-11-23 21:20:56'),(31,'Kate Middleton como nunca se viu antes! Pernas de princesa dão nas vistas','Kate Middleton é sempre uma figura de destaque nos vários eventos em que marca presença. Contudo, esta terça-feira, 21 de novembro, a princesa de Gales acabou por dar nas vistas por motivos mais... inesperados. \r\n\r\nA mulher do príncipe William chamou todas as atenções quando estava a sair do carro que a levou até um ato cerimonial (Horse Guards Parade) de boas-vindas ao presidente da Coreia do Sul, Yoon Suk Yeol, e à primeira-dama, Kim Keon Hee, em Londres.\r\n\r\nEnvergando uma longa e marcante capa encarnada, esta não cobriu as pernas quando saía do automóvel. \r\n\r\nEis que surgiu então uma \"versão\" de Kate nunca antes vista. As imagens, destacadas na página de Instagram \"Diário da Realeza\", do especialista em famílias reais Alberto Miranda, falam por si.','../imagem/Kate Middleton.jpg',1,5,2,'2023-11-23 21:22:34','2023-11-23 21:22:34'),(32,'Moodys revê em alta \"rating\" de seis bancos portugueses','A Moodys subiu o \"rating\" de depósitos de longo prazo da CGD, BCP, Santander Totta, Novo Banco, BPI e Montepio Geral e manteve o da Caixa de Crédito Agrícola, após a elevação da notação de Portugal, anunciou hoje a agência.\r\nAs ações de hoje sobre os bancos portugueses consideraram o progresso contínuo no desempenho e nos fundamentos financeiros de vários bancos, em particular a melhoria das métricas de risco dos ativos, níveis de capital mais elevados e uma forte rentabilidade impulsionada por taxas de juro mais elevadas, avança a Moodys Investors Service em comunicado.\r\n\r\nSegundo refere, as alterações de \"rating\" dos grupos bancários portugueses seguem a decisão da agência de classificação de elevar o \"rating\" dos títulos do Governo de Portugal para A3 de Baa2, anunciada na passada sexta-feira.\r\n\r\nNo caso da Caixa Geral de Depósitos (CGD), a Moodys elevou os \"ratings\" de depósitos de longo prazo de Baa1 para A3 e os \"ratings\" de dívida sénior sem garantia para Baa1, de Baa2.\r\n\r\nEsta revisão em alta reflete, nomeadamente, \"a elevação da Avaliação de Referência de Crédito (BCA, do inglês \"Baseline Credit Assessment\") e do BCA Ajustado do banco para baa1, de baa2, devido aos \"rácios de capital mais elevados do banco e a melhoria da sua rentabilidade recorrente\", o resultado da análise LGF (do inglês \"Loss Given Failure\") e os \"pressupostos moderados de apoio governamental à CGD, dada a sua importância sistémica\".\r\n\r\nRelativamente ao Banco Comercial Português (BCP), a agência de notação reviu em alta os \"ratings\" de depósitos de longo prazo de Baa2 para A3 e os \"ratings\" da dívida sénior sem garantia para Baa2, de Baa3.\r\n\r\nEsta revisão traduz a elevação do BCA e do BCA Ajustado do banco, de ba2 para ba1, o resultado da análise LGF e a \"avaliação da Moodys de uma probabilidade moderada de apoio governamental dada a importância sistémica do BCP\".\r\n\r\n\"A atualização do BCA do BCP para ba1 reflete a melhoria dos indicadores de risco dos ativos do banco, as suas métricas de capital melhoradas, mas ainda modestas, e a melhoria da sua rentabilidade final\", detalha.\r\n\r\nA Moodys acredita, no entanto, que a rentabilidade do BCP \"poderá ser afetada por perdas adicionais que a sua subsidiária polaca Bank Millennium S.A. (Baa3 negativo, ba3) poderá incorrer nas suas hipotecas denominadas em moeda estrangeira\".\r\n\r\nNo que se refere ao Santander Totta, a elevação dos \"ratings\" de depósitos de longo prazo de A3 para A2 e a afirmação dos \"ratings\" dos seus programas seniores sem garantia em (P)Baa1 refletem \"a afirmação do BCA do banco em baa2; uma elevada probabilidade de apoio por parte do Banco Santander S.A. (Espanha) (A2 estável/A2 estável, baa1) o que resulta num aumento de um nível no BCA Ajustado (baa1); e o resultado da análise LGF.\r\n\r\nPor sua vez, a elevação das notações de depósitos de longo prazo do Novo Banco para Baa2, de Ba1, e das suas notações de dívida sénior sem garantia para Ba1 de Ba3 resulta da subida do BCA e do BCA Ajustado do banco para ba1 de ba3 e do resultado da análise LGF avançada da Moodys.\r\n\r\n\"A Moodys atribui uma baixa probabilidade de apoio governamental às notações de depósito e de dívida sénior sem garantia do Novo Banco, não resultando numa melhoria adicional destas notações\", avança a agência, acrescentando que \"a atualização do BCA do Novo Banco para ba1 reflete melhorias contínuas na qualidade de crédito do banco resultantes do aumento do risco de ativos e dos níveis de capital e da melhoria significativa na rentabilidade recorrente\".\r\n\r\nNo caso do Banco BPI, a Moodys elevou os \"ratings\" de depósitos de longo prazo de A3 para A2 e a afirmação dos \"ratings\" do seu programa sénior sem garantia em (P)Baa1.\r\n\r\nDestacando o \"sólido perfil de crédito do banco\", a Moodys considera, ainda assim, que os elevados níveis de capital do BPI são \"limitados pelos riscos decorrentes das exposições angolanas\", pelo seu \"risco de ativos acima da média\" e pela melhoria dos seus indicadores de rentabilidade doméstica.\r\n\r\nQuanto à Caixa Económica Montepio Geral, a elevação dos respetivos \"ratings\" de depósitos de longo prazo de Ba2 para Baa3 e dos \"ratings\" de dívida sénior sem garantia para Ba2, de B1, reflete também a elevação do BCA e do BCA Ajustado do banco (para ba2 de b1) e a análise LGF, atribuindo a Moodys \"uma baixa probabilidade de apoio governamental aos \"ratings\" de depósito e dívida sénior sem garantia do Banco Montepio\".\r\n\r\nDe acordo com a agência, a atualização do BCA do Banco Montepio \"reflete o perfil de crédito fortalecido do banco decorrente da contínua redução de risco do seu balanço\". Ainda assim, e apesar da redução do \"stock\" de NPA (crédito mal parado), principalmente através de alienações, curas e recuperações, a Moodys alerta que o banco ainda reporta um rácio de NPA de 8,0% no final de junho de 2023 (12,2% um ano antes).\r\n\r\nFinalmente, relativamente à Caixa Central de Crédito Agrícola Mútuo, a afirmação pela agência de notação dos \"ratings\" de depósitos de longo prazo Baa2 e dos \"ratings\" de dívida sénior sem garantia Ba1 reflete a afirmação do BCA baa3 e do BCA Ajustado do banco e o resultado da análise LGF.\r\n\r\nPara as notações do CGD, BCP, Santander Totta, BPI, Caixa de Crédito Agrícola e Banco Montepio, a Moodys aponta uma perspetiva estável, considerando \"pouco provável\" que o previsível \"aumento moderado nos empréstimos problemáticos\" devido ao atual ambiente operacional instável e às pressões inflacionistas \"enfraqueça materialmente os perfis de crédito destes bancos\".\r\n\r\nJá a perspetiva positiva sobre as notações de depósitos de longo prazo e de dívida sénior sem garantia do Novo Banco \"baseia-se na visão de que a melhoria do perfil de crédito do banco será sustentada ao longo dos próximos 12 a 18 meses\".','../imagem/Moodys reve em alta.jpg',1,3,2,'2023-11-23 21:49:55','2023-11-23 21:49:55'),(33,'África subsaariana obrigada a subir taxa de juro para controlar inflação','Os bancos centrais na África subsaariana deverão ser obrigados a continuar a subir as taxas de juro para controlar a inflação, que em vários casos deverá manter-se próximo dos 20%, dizem os economistas da Bloomberg.\r\nOs bancos centrais da África subsaariana, ao contrário dos reguladores da América Latina, vão provavelmente ter de esperar um pouco mais para baixar as taxas de juro, com os economistas a aumentarem a previsão de subida da inflação em várias das principais economias da região\", escreve a agência de informação financeira Bloomberg.\r\n\r\n\r\nO Banco Nacional de Angola subiu na terça-feira a taxa de juro de referência para 18%, citando o contínuo aumento da inflação como a principal motivação para aumentar o custo do dinheiro, com Gana, Nigéria, Etiópia e Zâmbia a reverem em alta a previsão de subida dos preços.\r\n\r\nNum comunicado divulgado no final da reunião do comité de política monetária do Banco, na terça-feira, o Banco Nacional de Angola argumenta que \"a trajetória da inflação recomenda a manutenção do sentido restritivo da política monetária com vista ao seu alinhamento com o objetivo de médio prazo, situação que continuará a ser monitorizada pelo Banco Nacional de Angola e que poderá levar à tomada de medidas adicionais caso se afigure necessário\".\r\n\r\nPara os economistas da Bloomberg, a subida das taxas em Angola não será caso único nesta região afetada por vários choques externos que motivaram um aumento da inflação, queda da disponibilidade de moeda externa e a consequente resposta dos bancos centrais, através da subida das taxas de juro.\r\n\r\n\"A depreciação das moedas na África subsaariana devido a uma redução da liquidez de moeda externa implica que a inflação vai continuar elevada durante um período prolongado\", comentou uma das economistas da Bloomberg Economics que segue as economias africanas, Yvonne Mhango, apontando que \"os bancos centrais nesta região vão ser forçados a manter as taxas de juro mais elevadas por mais tempo para controlar a inflação\".\r\n\r\nA subida das taxas de juro acontece no sentido contrário ao que os bancos centrais noutras áreas têm vindo a fazer, como por exemplo nalguns países da América Latina, incluindo o Brasil, Chile e Peru, que já começaram a cortar as taxas na sequência do abrandamento da inflação, numa altura em que a Reserva Federal dos Estados Unidos interrompeu a consistente subida das taxas, iniciada em março do ano passado, que viu a taxa subir de pouco acima de 0 para 5,4%, o nível mais elevado deste milénio.\r\n\r\nA inflação na Nigéria, a maior economia da África subsaariana, deverá registar uma subida de 24,7% no próximo ano, e o panorama para Angola aponta para uma subida acima dos 20% em 2024, ainda assim melhor que os 35,2% registados no Gana em outubro, país onde a taxa de juro de referência está nos 30%.','../imagem/Africa subsariana.jpg',1,3,2,'2023-11-23 21:51:37','2023-11-23 21:51:37'),(34,'800 anos, 800 presépios em exposição em Santa Maria da Feira','\r\nMuseu Convento dos Loios, Museu do Papel e Igreja da Misericórdia exibem a partir desta sexta-feira 800 presépios com que o município de Santa Maria da Feira assinala os oitos séculos de história dessas representações do nascimento de Cristo.\r\n\r\nFonte da referida autarquia do distrito de Aveiro e da Área Metropolitana do Porto explica que o objetivo da exposição \"800 anos, 800 presépios -- A inspiração de São Francisco de Assis\" é celebrar o formato concebido por esse frade católico em 1223, quando, na localidade italiana de Greccio, juntou pela primeira vez alguns camponeses para recriar aquela que terá sido a disposição de pessoas, bens e animais por altura da natividade de Jesus.\r\n\r\nEsse arranjo cénico com o menino deitado numa manjedoura ter-se-á baseado em informação que o próprio São Francisco reuniu nas suas viagens pela Terra Santa e, desde 1223, tornou-se um ícone mundial da cultura religiosa, inspirando ao longo dos séculos vários outros estilos de representação estética, sempre em atualização de acordo com o contexto social e as tendências plásticas da época.\r\n\r\n\"Para marcar esta efeméride, juntamos o número simbólico de 800 presépios de diferentes estilos, tamanhos, formas e feitios, o que levará a redescobrir a centralidade e grandeza desta representação na vivência do Natal\", adianta a organização da mostra.\r\n\r\nEntre as 800 representações da Sagrada Família patentes ao público até 7 de janeiro incluem-se peças de várias nacionalidades, \"parte delas adquiridas nos países de origem dos colecionadores que as cederam à exposição e muitas compradas a consagrados artesãos portugueses\".\r\n\r\nNessa oferta, há vários presépios que sobressaem por diferentes razões, como as visitas guiadas à coleção irão demonstrar, mas os organizadores da mostra destacam já três cenas de Natividade especiais: \"o conjunto que coloca lado a lado a representação do nascimento de Cristo na perspetiva russa e na ótica ucraniana, e a recriação que retrata a Sagrada Família evocando a presente guerra entre Israel e o grupo terrorista Hamas\".\r\n\r\nO conjunto de 800 presépios integra ainda 219 obras ecológicas concebidas por alunos da EB 2 e 3 de Paços de Brandão, com o apoio das respetivas famílias na aplicação de materiais reutilizados.\r\n\r\nA exposição será acompanhada por um catálogo próprio, com tiragem inicial de 350 exemplares, e motiva também, na Biblioteca Municipal, a disponibilização de bibliografia específica sobre presépios, mediante uma seleção de 10 títulos de diversos autores portugueses e estrangeiros sobre o simbolismo dessas representações e a sua \"relevância artística, cultural e espiritual em todo o mundo\".\r\n\r\nA título paralelo, mas sujeito à mesma temática, o programa de animação natalícia do município da Feira prevê igualmente a mostra competitiva \"O nosso presépio\", que, em parceria com o Cincork - Centro de Formação Profissional da Indústria de Cortiça, juntará na Loja Interativa de Turismo da Feira 12 peças realizadas maioritariamente nessa matéria-prima natural, por estudantes que frequentam desde o ensino pré-escolar até ao secundário.\r\n\r\nTodos os sábados de 25 de novembro e 6 de janeiro, entre as 11:30 e as 12:30, as escadarias do edifício mais antigo da Câmara Municipal vão acolher ainda a encenação de um \"Presépio Vivo\", com as personagens de Maria, José, o Menino, anjos, pastores, camponeses e os Reis Magos.\r\n\r\n\"Todos os elementos terão o seu lugar, as suas falas e atitudes, de acordo com a tradição bíblica. Esses diálogos serão complementados com cânticos, aos quais se juntarão vozes atuais lembrando os problemas de hoje\", conclui a organização, que confiou essa componente à Universidade Sénior da Feira.','../imagem/800 anos.jpg',1,2,2,'2023-11-23 21:58:05','2023-11-23 21:58:05'),(35,'Mariza apresenta novo álbum no Casino Lisboa. Entrada é livre','Mariza apresenta na próxima segunda-feira, 27 de novembro, o seu oitavo álbum de estúdio, \"Amor\", no Arena Lounge do Casino Lisboa.\r\n\r\nO novo trabalho discográfico da artista portuguesa constitui, segundo o gabinete de imprensa do Casino de Lisboa, \"a celebração de um percurso musical com mais de duas décadas, piscando o olho ao seu futuro\".\r\n\r\nA entrada é livre.\r\n\r\nAlém de Mariza, todas as segundas-feiras até ao final do ano há concertos grátis no Casino de Lisboa. Dia 4 de dezembro é a vez dos D.A.M.A. subirem ao palco e no dia 11 de dezembro cabe a Diogo Piçarra (com um convidado) animar o início da segunda semana do último mês do ano.\r\n\r\nJá a 18 de dezembro é Nenny que vai tocar no Casino Lisboa, a 25 de dezembro, Dia de Natal, sobem ao palco os Gospel Collective e no Réveillon, a 31 de dezembro, os Xutos e Pontapés.','../imagem/Mariza apresenta.jpg',1,2,2,'2023-11-23 21:59:37','2023-11-23 21:59:37'),(36,'Experimente ferver três dentes de alho. O resultado é... surpreendente!','Coloque três dentes de alho a ferver. Diz o portal Informe Brasil que esta é a base de um poderoso repelente caseiro e, embora pareça insólito, este método tem já alguns anos.\r\n\r\n\r\nA preparação deste spray é muito simples. Corte os dentes de alho em pedaços pequenos. De seguida, coloque-os numa xícara com cerca de 250 mililitros de água morna. \r\n\r\nLeia Também: Pode dar outros 17 usos à pasta dentífrica. Não têm nada a ver com dentes\r\n\r\nCubra a xícara com um pano e deixe repousar durante 24 horas. No dia seguinte, filtre esta solução caseira e coloque-a num borrifador.\r\n\r\nPara usar esta mezinha, borrife o repelente de alho nos locais onde os insetos mais costumam surgir. De acordo com o Informe Brasil, pode borrifar móveis, portas, janelas e até mesmo roupas. O repelente tem uma eficácia de até 24 horas.','../imagem/alho.jpg',1,4,2,'2023-11-23 22:02:55','2023-11-23 22:02:55');
/*!40000 ALTER TABLE `noticias` ENABLE KEYS */;
UNLOCK TABLES;

--
-- Table structure for table `usuarios`
--

DROP TABLE IF EXISTS `usuarios`;
/*!40101 SET @saved_cs_client     = @@character_set_client */;
/*!50503 SET character_set_client = utf8mb4 */;
CREATE TABLE `usuarios` (
  `id_usuario` smallint NOT NULL AUTO_INCREMENT,
  `nome` varchar(50) COLLATE utf8mb4_unicode_ci DEFAULT NULL,
  `sobrenome` varchar(50) COLLATE utf8mb4_unicode_ci DEFAULT NULL,
  `email` varchar(70) COLLATE utf8mb4_unicode_ci DEFAULT NULL,
  `senha` varchar(255) COLLATE utf8mb4_unicode_ci DEFAULT NULL,
  `genero` varchar(30) COLLATE utf8mb4_unicode_ci DEFAULT NULL,
  `estado` tinyint(1) DEFAULT NULL,
  `painel` varchar(30) COLLATE utf8mb4_unicode_ci DEFAULT NULL,
  `data_cadastro` datetime DEFAULT NULL,
  `data_modificacao` datetime DEFAULT NULL,
  PRIMARY KEY (`id_usuario`)
) ENGINE=InnoDB AUTO_INCREMENT=9 DEFAULT CHARSET=utf8mb4 COLLATE=utf8mb4_unicode_ci;
/*!40101 SET character_set_client = @saved_cs_client */;

--
-- Dumping data for table `usuarios`
--

LOCK TABLES `usuarios` WRITE;
/*!40000 ALTER TABLE `usuarios` DISABLE KEYS */;
INSERT INTO `usuarios` VALUES (1,'Adelino','Viegas','admin@gmail.com','$2y$10$jtUX3aIfR73xzp0u1En76.sj45.QGD6GXp7ASWrywX4xkfViQFHkC','masculino',1,'admin','2023-11-17 22:23:41','2023-11-17 22:23:41'),(2,'Trindade','Afonso','user@gmail.com','$2y$10$zjYaM.5vD/k8sRXcSY9zfeabLPUS15p0AghStRm/a8rDAR9.lvxze','masculino',1,'user','2023-11-17 22:23:41','2023-11-17 22:23:41'),(3,'Afonso','da Trindade','Afonso@gmail.com','$2y$10$hmh7D7rbpuL49OKx4/75jula/orxrqtuNmdCmNisRzuy0CheEnqau','masculino',1,'user','2023-11-17 22:23:41','2023-11-17 22:23:41'),(4,'Francisca','Afonso Viegas','Fany@hotmail.com','$2y$10$XsLPcT0/CQgG28P4LefXA.EsrLGJ7eS2zLIgTd.egdlLSDuNGTggS','Femenino',1,'user','2023-11-17 14:27:43','2023-11-17 22:23:41');
/*!40000 ALTER TABLE `usuarios` ENABLE KEYS */;
UNLOCK TABLES;
/*!40103 SET TIME_ZONE=@OLD_TIME_ZONE */;

/*!40101 SET SQL_MODE=@OLD_SQL_MODE */;
/*!40014 SET FOREIGN_KEY_CHECKS=@OLD_FOREIGN_KEY_CHECKS */;
/*!40014 SET UNIQUE_CHECKS=@OLD_UNIQUE_CHECKS */;
/*!40101 SET CHARACTER_SET_CLIENT=@OLD_CHARACTER_SET_CLIENT */;
/*!40101 SET CHARACTER_SET_RESULTS=@OLD_CHARACTER_SET_RESULTS */;
/*!40101 SET COLLATION_CONNECTION=@OLD_COLLATION_CONNECTION */;
/*!40111 SET SQL_NOTES=@OLD_SQL_NOTES */;

-- Dump completed on 2024-03-13 19:25:46
